"B1已录入","B1未录入","1F已录入","1F未录入","2F已录入","2F未录入","3F已录入","3F未录入","4F已录入","4F未录入","5F已录入","5F未录入"
"美克家居","博洛尼","日立","海信","伯鲁克","科普未","德贝","墨本/威罗","卓尚家·曲美","诗尼曼","阿鲁克门窗","品尚国际 劳卡"
"","墅美宅品","史密斯","好太太","屋里屋外","三力威","开开","维洛尼","丝涟","品尚国际·全友","SUHO HOME(素逅)","纯木态度"
"","D&C","格力","AI智家 全屋智能","梵蒂斯","京东定制","我乐","博洛尼","芝华仕","红苹果","","原木智作"
"","万家美","怡口","美的中央空调","","KD","欧普照明","鲁丽","卓尚家·舒达","哈克贝哩爱丁堡","","品尚国际 名图"
"","李根","卡萨帝","海信电器","","欧派","老板","欧派","Lazboy","紫兰美居","","双叶"
"","上海三菱","优口","法恩莎","","威美","","百能","","松堡王国","","红大旭辉"
"","天梭","九牧","潜水艇","","志邦","","卡尔·凯旋","","米琦庄园","","南大"
"","凯瑟","FOTO/科勒","惠达","","德维尔","","思拓","","蓓凡","","鲁班·印"
"","直播间、文创孵化基地","恒洁","雅立","","米格","","皮阿诺","","多喜爱","","光明"
"","绿盾","箭牌","摩恩","","伊博莱","","菲马整装","","大自然床垫","","梓乔"
"","","汉斯格雅","恩仕","","DSC","","金牌","","雅斯佩尔","","品尚国际 全友"
"","","海尔","欧贝尔","","沃伦门窗","","欧铂尼","","喜临门","","天坛"
"","","老板电器","乐克","","多丽","","观山","","爱舒","","中顺"
"","","","铂丝/普瑞凡","","索菲亚","","米兰","","穗宝","","卡瑞第"
"","","","伊派·爱马仕","","百利玛","","别丽美特","","阳光米尼","","AI⁺智慧家居生活馆"
"","","","金意陶","","唯宝建筑","","索弗仑","","慕斯","","阅见"
"","","","小蜜蜂","","超凡影音","","蕾幔","","欧嘉璐尼","","震乾红木"
"","","","冠珠","","名佳","","爱漫时","","顾家定制","","东阳木雕"
"","","","KT","","兰舍","","罗马国际","","雅蘭","","尚家装饰"
"","","","萨米特","","安信","","大浪淘纱","","顾家工艺","","万家美"
"","","","塞尚","","大自然地板","","志达布艺","","顾家布艺","","品尚严选"
"","","","蒙娜丽莎","","圣蝶","","卡百利","","顾家睡眠","","品尚国际"
"","","","马可波罗","","圣狮","","岚格调","","","","服务中心"
"","","","唯美&LD","","欧洲之家","","美尔凯特","","","",""
"","","","芒果","","圣象","","法狮龙","","","",""
"","","","伊莉莎白","","生活家","","奥普","","","",""
"","","","尚石","","春天","","巴迪斯","","","",""
"","","","隆万","","盼盼","","友邦","","","",""
"","","","云墅装饰","","西西","","万家美","","","",""
"","","","中嘉易墅","","TATA","","南方灯饰","","","",""
"","","","庭院设计","","千年舟","","雷士","","","",""
"","","","九洲装饰","","森鹰","","飞利浦","","","",""
"","","","佰易装饰","","龙甲","","麦格岚","","","",""
"","","","柯瑞克","","墨瑟","","鲁本斯","","","",""
"","","","超市","","福人空间","","多乐士","","","",""
"","","","","","奥斯坦汀","","大师","","","",""
"","","","","","兔宝宝","","四季阳光","","","",""
"","","","","","美福凡帝罗","","优格","","","",""
"","","","","","王力","","美大","","","",""
"","","","","","圣罗曼","","方太","","","",""
"","","","","","沃盾","","火星人","","","",""
"","","","","","DSC HOME","","林内","","","",""
"","","","","","品尚艺墅","","安吉尔","","","",""
"","","","","","富豪","","大金","","","",""
"","","","","","帅泰","","美的电器","","","",""
"","","","","","","","能率","","","",""
